user_username,frequency
kiahisntcool,18
sevendoorstattoo,14
londonartcal,11
ronniejoice,11
fashaddictldn,9
blitzlondon,8
ragyard,7
zackmcauley,7
threadsoflondon,7
daniqueipo,7
digitaslbi_uk,7
naribeen,7
liopschool,7
ar5enik,6
patriciaandrade1978,6
soul_of_england,6
take_me_to_berlin,6
sal.golia,5
tomchauveau,5
writing.ie,5
theredchamber,5
animal.ink,5
sometimesredhead,5
naughtyvegetarian,5
boxedin_pictures,5
nomadbarberldn,4
diferentephotography,4
fashion_east,4
massimcappelli,4
dumdumdoughnuts,4
strdwlndr,4
ursulamil,4
numbersixlondon,4
thecanvascafee1,4
caramellowombat,4
apollobelladona,3
thisisnecdet,3
hittheroadtwins,3
osteel,3
fluidsoul,3
canoeinc,3
hanna_j_benjamin,3
artomgblog,3
vera45,3
teidetattoo,3
photography_by_mk_,3
eastlondongraffiti,3
matthew_houston,3
kinzajow,3
yryanran,3
aronigud,3
soniameuli,3
monicanoz,3
sequinstar,3
xirfan,3
veevspainterly,3
radish2710,3
itssamdeaks,3
ingpaolobonetti,3
marikotas,3
_furno,3
travelling_lad,3
yyyej,2
noasalti,2
lewisjlburke,2
mun_ary,2
vickyk3lly_g,2
urbanartassociation,2
eng9979,2
vittoria_renton,2
rickybenetazzo,2
jadewhitfield_,2
stelouchebabouche,2
caiocmgo,2
nutabcollective,2
rosievans,2
silkfred_laura,2
mattroach,2
lullabyv,2
boxofbiscuit,2
aliciadeh,2
pepito_mostaza,2
inkelese,2
jcush__,2
raphael3lias,2
off_colour,2
acidkids_atkins,2
mystery_photographer_,2
solfami,2
mtt_sunshine_,2
robmcclure,2
nicoaccro,2
graffitihuntress,2
mrliptrot,2
jamesmatthewsmedia,2
alienqueen,2
kitlevijones,2
correianuno,2
globalactivestudy,2
pankeeeeeeee,2
emmie_cole,2
claudiadesabe,2
carlottawho,2
hoxtongeeza,2
enlosmundosdelidia,2
workingnomads,2
rizkidevimonalisa,2
jinnn.choi,2
barefootmonsoonindia,2
alexnegrei,2
wandster11,2
angelahuang1011,2
lazarastorm,2
pookhippie,2
recernis,2
lenetrydal,2
katriyaross,2
joelwporter,2
illustrate_your_mind,2
amy86_,2
___francesca____,2
cecil_is_a_caterpilla,2
sabinathadani,2
five_line_projects,2
hotchpotch_collection,2
stafism,2
valeriamarrella,2
viewfromtheditch,2
nudeespresso,2
eatingouthere,2
paradisesliceuk,2
catasf95,2
barkhatovamaria,2
lablascovegmenu,2
thateirene,2
aislingkathrine,2
astridbachxo,2
the_moon_and_i,2
marcoduhem,2
creativelocation,2
lukeywxlf,2
carmel_oc,2
valepivi,2
olivwindle,2
kippolanoora,1
mr.nobody_pt,1
evemariah1,1
lydia_rose_13,1
alice_tate,1
knife.fork.mouth,1
officialsgw,1
thisis_ele,1
justartbysara,1
soundslikemelo,1
mmadoxx,1
kikischolts,1
marniealewis,1
_ekap_,1
wearepopup,1
ematthews,1
emmaisson,1
_w0lfalice,1
guitarakara,1
jeremywaite,1
nasibryaniii,1
ayselbabet,1
jadesm1th,1
new_stylelife,1
matildabalazsi,1
grxforlok,1
ameliagething,1
playlinkee,1
paulstokes1970,1
radiografico,1
mireiiille,1
grantflemingphotography,1
dearalicel,1
geminweiss,1
dimavasilenco,1
aurore_in_wonderland,1
lorenza88,1
davidaoneale,1
shebabricklane,1
rm_yoga,1
artmoi,1
imadefector,1
ivilaya,1
jondix,1
nickfreemansworld,1
carlota.gc,1
cesandcar,1
yaskone,1
polpetter,1
trumanbrewery,1
federika_alfieri,1
into_the_fashion,1
vitor_oblivion,1
natalia_anguita,1
claudiamqc22,1
livphughes,1
spikecv,1
pipsarchibald,1
siewky,1
giuseppe_mazzarano,1
_tjasa.rasko_,1
metropolis_ldn,1
dannijenkin,1
urbanswerve_,1
matty.bue,1
tabathapearce,1
bradders07,1
projectmf,1
lagomproject,1
millitaylor,1
giaco_uk,1
tayler_withan_e,1
lydiaanewton,1
claudiadelolmo,1
smsafar,1
herstorey,1
benjaminstrak,1
adriansantosr,1
craftbeerpinup,1
londontheinside,1
olyagrishakova,1
goanaz,1
adambrashaw,1
diendean,1
outofsynch_,1
filmsnotdead,1
jamesendeacott,1
miriamcaragh,1
jayjaydeepee,1
nes.miralem,1
idalund2,1
styr112,1
upfrontbrewing,1
unusualityproductions,1
arioule,1
_tangsinyi_,1
yxh131,1
aaron_noia,1
andy.lng,1
jennyclarkwhittle,1
gvlayne,1
paper_n_,1
fabbssinnl,1
lexiehx,1
ji_yeah_a,1
alinebolzec,1
jauntjunky,1
matteocasta,1
dani_brucee,1
brianna06,1
kidakudzgram,1
cotebask,1
kiariteforcandido1859,1
rvvieiraa,1
rlgrimleygq,1
here_thereeverywhere,1
haharrisonstore,1
callmeronja,1
kestrelvision,1
camdentownbrewery,1
peritabooster,1
evy.x,1
kasiade_,1
dinahdoodle,1
arpuigdaily,1
essiedance,1
sunehri,1
manuontheroad,1
the_filming_business,1
yans_tp,1
sbthatboy,1
largey81,1
towerlondon,1
giuliacobelli,1
hantingxixi,1
rebeinars,1
penelope_sch,1
instagrmsam,1
elisedmonds,1
culturedlink,1
chiaralefox,1
andreasingeman,1
talinaboyaci_off,1
lukasadomaitis,1
agathedtr,1
suleymanerkose,1
rosienasrin,1
samhoudt,1
mikouline,1
fiedlermarcelo,1
zcx93,1
will_tierney,1
mrdeivit,1
algwyne,1
tormeist,1
freddiesmithson,1
finding_monya,1
wearebigchill,1
sjl1991,1
camcamilla_,1
stefanlaneuk,1
singhandsister,1
allischeetz,1
lesaventuresdejulie,1
irebiso,1
jess.rabbitt,1
nell_ah,1
giulianarenata,1
joshyfentz,1
tytwilson,1
landmarktrust,1
historianmum,1
idaakerlind,1
eastsunrise,1
jolliegoods,1
jakerzw,1
itstimetoturnoffyourmind,1
chiarii96,1
eleonora.giunta,1
sidonaldson,1
stephenhksn,1
lydiabirgani,1
jimbot7,1
xviccyx,1
anniehackett,1
ronny.rambo,1
harukakanda,1
alex_went,1
nailax_,1
joni_amelia,1
ha1fmeasures,1
jcmmchan,1
letsbreatheoutside,1
gamermashltd,1
rossalexanderhope,1
chekofif,1
mf_lamego,1
giovannamaraviglia,1
tostadoca,1
debster.sk,1
sso_about_mango,1
lickthisfingers,1
jayson21_,1
veganzulal,1
hvandenbergh,1
kell666ex,1
gott31,1
13.thirteen.treze,1
ramonpavia,1
hyejish,1
ukcaffelatte,1
sjab_,1
ccspitsstudents,1
jinuksyun,1
kikistevo,1
theartscrusader,1
dr_mysterious,1
crepesalacartelondon,1
silverlicker,1
angelwcj,1
yh_ms_0506,1
thischarmingcat,1
carinhannarebecca,1
ysuunny,1
emptylunchbox,1
isme.incognito,1
aneetarr,1
antoniomandy,1
alyssray,1
pilipellegrino,1
world_of_l_m,1
djc1805,1
karolain.ar,1
garciaser10,1
charlottepask,1
aniefb,1
boycriedwoof,1
josieluii,1
marleenuke,1
farngtk,1
sophieeee182,1
daniellr,1
puddingyumyums,1
atl_media_collective,1
ratontheroof,1
emilygreene24,1
nilxox,1
cqjones,1
thomastalavera,1
nikkilin,1
sean_rees,1
rettop_art,1
alexia_gattolin,1
douglas_dag,1
alejandramlasa,1
borderlineapparel,1
willmulenga24,1
hayzeewave,1
orla.bourke,1
hanlou85,1
blackbirdlondon,1
gingaliing,1
sichiamanotuttealex,1
yunglizardcub,1
mirror.dash,1
ksmiittyy327,1
liebestrank.ar,1
bonniefanara,1
chairman_mao,1
ingadezhina,1
rubyshakeshaft,1
cheapasstips,1
_silviaferrari,1
zizzonazzo,1
peperuga,1
evaheglund,1
jiyunyeung,1
ro_lamarquesa,1
declan.andrews,1
zoemariepalmer,1
laur_kathryn,1
liffordgram,1
rfurniss96,1
meekohou,1
pczachary1,1
marsty5,1
schnarffschnarff,1
sophiatudien,1
afiffsyamil,1
raky_bilmad,1
annalisangeli,1
petite_snaps,1
darksugars,1
emekalena,1
darcysldn,1
stefypix,1
darkbeatband,1
marinaperezsole,1
theflatboy,1
riomrym,1
a.voronkov,1
liiszu,1
sophhoneill,1
hookedblog,1
filippo_gentili,1
cin.stablog,1
heavenlyrecordings,1
cweino,1
alistairmclean81,1
tongta_a,1
svfjkpg,1
littlekeegys,1
hejkristian,1
igerseurope,1
malinkatrine,1
francescabiasin,1
chantebadass,1
gaddiel_c,1
cathrineiv,1
sammmmitchell,1
blancapierres,1
jmurphy167,1
boss_bean,1
cmsacastro,1
mybullshit,1
reidybeatz,1
freyacrossley,1
ellisdbln,1
s.about,1
starstarrussell,1
mrchuckfashionblog,1
hannah_hopper01,1
jonozero1,1
danielba_xx,1
allyoucanfood,1
imstagram1,1
tommazza89,1
yazynina,1
valmik85,1
razzle25,1
marta_vittori,1
veramohr,1
julie_kalodova,1
rendeevoo,1
j_zullyibz,1
michelamusciani,1
manina_l,1
nonstopneverstop,1
sajatourbah,1
bill_willis,1
lapyeunghau,1
natalieruthtaylor,1
rebeccaforgesson,1
lucy.t.s,1
vilmaeklind,1
robertopiqueras,1
cyancyanyu,1
jameswaite_ldn,1
gessicahage,1
simplykarlos,1
allepucci,1
stoneyoioioii_,1
chiaranoriko,1
ritabranco2,1
duncpalmer,1
alex_sioutis,1
em.and.i,1
mjurss,1
lashvanegro,1
joelbarsch,1
itstrueblog,1
elenachos,1
novacainenothing,1
dougymca,1
chloevanbergen,1
benrousseau,1
rebeccatarozzi,1
best_strains_london,1
tattoosbytoby,1
stephanyblair,1
meganfinola,1
jezlefevre,1
eduardaconcon,1
davedodecaphonic,1
msashleighjadee,1
maria_brosnan,1
benbardsleyball_sh,1
ifg27,1
renae.lisa,1
midnightresplendence,1
julietmoore_,1
jacks_l,1
mikedavidfields,1
george.h.cole,1
annacapella000,1
_thisisamina,1
julianrodriguez___,1
mathochelamoche,1
tegan.price,1
lucyarianakennedy,1
funkyshell,1
pocahontasonx,1
gapperstravel,1
its_gari_with_an_i,1
stephaniepalma,1
stevenboshaw,1
cristina_zollo,1
jackellisssss,1
p00pysquat,1
lines.lines,1
bcomak,1
leightravers,1
niiiikoko,1
joelinahsg,1
laralovespaint,1
runarpet,1
ariiroberts,1
srh_rl,1
maleficentmartini,1
ciannabarlow,1
egallite,1
99__z,1
gi_si_photography,1
nixandkix,1
vanessatoby1,1
girldude,1
grayjaystudio,1
theboarkitchen,1
laura_joshi,1
kellyb_ldn,1
iksush,1
arielwinks,1
emilynonoo_,1
ktflo,1
ypndidi,1
simicali,1
jake_graf5,1
orqss,1
rochibelu,1
geizha23,1
heraldblack,1
anna_scht,1
laberintica,1
makeitbritish,1
lilanimal,1
agataa.xiv,1
fradb,1
conradqh,1
myy_view,1
jodiplacey,1
silverscreen_,1
sleepyhousepress,1
itsnothowmanyitswho,1
neetachristina,1
erwannal,1
alfiebsmith,1
myfprice,1
merypeige,1
royal_tart_toter,1
jodynicholl,1
hanye13,1
louisebbois,1
ilkusnirovich,1
luisch._,1
softroom_news,1
thosenights,1
myrebellas,1
fairypan_cupcakes,1
a.r.din,1
manuepb,1
_gi0b3ll_,1
robyzam,1
sris22,1
iris.wu.1238,1
charlotteamcgowan,1
freerangeshows,1
anni_radders,1
jordanamblin,1
paulinefeo,1
myfirstwordwaseat,1
bogdan_il,1
jane_demidchick,1
herbert.isles,1
shackstagrams,1
genius.m,1
germansparkleparty,1
redzyrussell,1
tomselwyndavis,1
maxine_zmn,1
asriosman,1
alba.bouzas,1
anqi.anqichen,1
missberkova,1
tealeaflondon,1
ramariochevoy,1
micheletoft,1
kevinhsia92,1
dan.styles,1
ashleykitchin,1
chuck_gibby,1
josefarrugia,1
ollierichardson1984,1
jash01,1
169.8_,1
blitzremix,1
v_inwonderland,1
thehangrywhale,1
totallykaranmehta,1
olliwhittle,1
indigobonesband,1
er_minio,1
dylanjameshughes,1
domuseventsuk,1
eclectionphoto,1
buck_chilly,1
ellisjwells,1
rubymoira,1
spectacleofnight,1
sydz_____,1
sabinezetteler,1
ouvreunebox,1
roseaj95,1
rachelfpowers,1
livspaton,1
handmademayhem,1
its_simenx,1
juliemarienaughton,1
mpcappa,1
losbangeles,1
mariza.pba,1
the_alikubba,1
majesticjae,1
coco.ltc,1
vanitalb,1
davshiel,1
cristian_soria,1
morganehlt,1
sesitaxx,1
sibbelotte,1
nickrexiejarvis,1
hm_bitw,1
leaspitaleri,1
j_melderis,1
20maggio2012,1
irmawannn,1
livvgg,1
cluck_you,1
angelinemoizard,1
violainevb,1
stapletonldn,1
francescoparlante,1
whatdeedid,1
arantzauriarte,1
chiccods94,1
thebokinni,1
the_duggfather,1
emily_fleurr,1
louviana_,1
alexalmeidakeys,1
damianode.santis,1
richtrueman,1
poxy_coxy,1
gjvlien,1
viols.menc,1
pomodoro_e_basilico,1
lee_garland,1
lilylinliyu,1
yame1204,1
corinnabordoli,1
marcalmondofficial,1
amberjoy93,1
giammisavi,1
therealgodababe,1
emmagordonlondon,1
jorgesaavedra,1
chelseamelone,1
wearedigitalannexe,1
mastrangioligianni,1
phineys_food,1
marti.maz,1
eilidhbaxteer,1
flashback_london,1
silkfred_emma,1
catherine155_,1
livingsimplyinthecity,1
tuttifrutti_fs,1
monika_beluga,1
adeleru.ss.ell,1
imohasis,1
saralaidani,1
julesann74,1
soyunpez,1
marianadb,1
albalvarezg,1
elisarsainz,1
erickolelas,1
gemhallphoto1,1
prince.maya_jaguar,1
helenwye,1
craigthomaslove,1
cho_ahmed.x,1
rosiestellajenkins,1
gongonkennedy,1
whatchewlookingat,1
lauralindblad,1
moteen_,1
saraluna3,1
jesuspaul,1
ahkosmos,1
elisa.pucci.58,1
silviasilvien,1
lecolonelmoutarde,1
likloveiskey,1
scae_community,1
puresoulmusic,1
loolasplanet,1
ellis_cruise_photography,1
klimmarie,1
andreit0ma,1
lizsardari,1
antuan.varlet,1
metroimaging,1
nicolasmouton,1
danformless,1
balraj_randhawa,1
beebakaremusic,1
thomson_neil,1
pic_sa4,1
daydreaminggx,1
_reginaphilange_,1
islandislandisland,1
antdlynch,1
thevintagestorebricklane,1
raghadrashdan,1
coldance,1
_grabswag,1
citizenship_foundation,1
enricca,1
margherita_genitoni,1
jess.kohl,1
designersmakersinsta,1
studioyuzu,1
yasmina.djadavjee,1
__sheevani,1
ten_tonnes,1
hsienhsienhong,1
annaliesefletcher,1
accao,1
storm_dawn,1
losbaluches999,1
siauvun94,1
rimhofficial,1
kellenjames,1
nosleepover,1
kettleinho,1
nadsfashion,1
romylevi,1
oliviabynature,1
carinarasmussen,1
skabangacrew,1
clintisvud,1
carlobeecroft,1
marlidewet,1
lalafayette,1
bkkhiddengems,1
sailorofthewind,1
huntie999,1
frederikpalmgren,1
fabioxortega,1
saritdraws,1
carolinecorbettthompson,1
jimmysphotos,1
hashrana,1
danielahomez,1
mural_mx,1
karolelary,1
alrowe16,1
ulimchoi,1
vickysdonuts,1
christ0z,1
ia_2015,1
ukaraluk,1
ngregss,1
marcusmaschwitz,1
denotattoo,1
marinaierides,1
lanayo_am,1
luisaismyname,1
kerry_fitzgerald,1
robinrimbaud,1
abbiewilkinson_,1
nat_nathalie,1
pocketregie,1
annieejoness,1
bettymagazine,1
hippoangel666,1
danielmckinley_c,1
deniz_pg,1
gegenueber_styles,1
wingsu_,1
smorray,1
pipitti,1
themeltingpotcrew,1
britishschooloffashion,1
just_darling_,1
cindy_wume,1
mimi_gehin,1
ellybeckfordstudio,1
chrisbailey000,1
lauraannecorbs,1
spizzorwell,1
luca.venturelli,1
weeksy_j,1
gashcohen,1
elice_f,1
vegansofldn,1
tesstohaas,1
averyfitguy,1
verniks,1
aworks_,1
l_gy_,1
chocolatelondon,1
london_art_guide,1
lale_cecconi,1
chloemillband,1
jessamyp,1
fictionalmate,1
leonpozniakow,1
newtionmatthews,1
ljph95,1
leannephillipz,1
john_h00per,1
hellahit,1
sallymaric,1
svaaane,1
georgiaconlon,1
brandt_neu,1
benn.francis,1
aimesimkin,1
elliejowers,1
whereisjessie,1
dayana.lee,1
ljtaylor91,1
hannaknutsson123,1
mickkkesss,1
hzhd_photography,1
metagrunge,1
caterpillah,1
olshk,1
t1llda,1
sigalasemm,1
itsdebbief,1
nailahwd,1
jonnoaq,1
raquelcarro,1
emmalouhyland,1
joey_nelson_,1
kledigenie,1
negcheese,1
blue.sushi,1
shantellstreetart,1
banglacity,1
christophcopls,1
evrosagathou,1
snowpetrel_photography,1
ioannaik,1
elizabethmacmoog,1
itsmarkharrison,1
lautaropalenque,1
prowlergram,1